Saved Date,Job Url,Job Title,Company Name
"11/27/24, 10:58 AM",http://www.linkedin.com/jobs/view/4066491580,Senior Frontend Engineer,dbt Labs
"11/22/24, 10:48 AM",http://www.linkedin.com/jobs/view/4070851894,Senior Front-End Engineer,AKKO
"11/21/24, 12:35 PM",http://www.linkedin.com/jobs/view/4073785000,TypeScript Developer (Remote From Anywhere),Workling
"11/20/24, 6:20 AM",http://www.linkedin.com/jobs/view/4075574954,Work From Home Typescript Developer,L.A. Head Hunter
"11/20/24, 5:56 AM",http://www.linkedin.com/jobs/view/4054419316,Senior Frontend Engineer - Brazil,MANUAL
"11/18/24, 9:02 PM",http://www.linkedin.com/jobs/view/4062507091,Remote Full-Stack Developer,Turing
"11/18/24, 9:30 PM",http://www.linkedin.com/jobs/view/4062507022,Remote Full-Stack Developer,Turing
"12/4/24, 1:17 PM",http://www.linkedin.com/jobs/view/4066792926,"Senior Software Engineer, Front End, Search Content Platform",Google
"11/20/24, 6:18 AM",http://www.linkedin.com/jobs/view/4074458897,Work From Home Frontend Developer,L.A. Head Hunter
